"id";"nummer";"name";"stadtbezirk";"hst_oepnv";"umsetzungsstand_detail";"umsetzungsstand_kurz";"stellplaetze_carsharing";"carsharing_e_fahrzeug";"stellplaetze_eladen";"schnelllader_gr_50kw";"lage_pr_parkplatz";"mobibike_rueckgabe";"anzahl_docks";"luftpumpe";"luftpumpe_detail";"url_dd";"url_dvb";"geom";"ds_modified"
320;"90";"Scharfenberger Straße";"Pieschen";"Overbeckstraße";"In Teilbetrieb (nur Bikesharing) seit 01.08.2024";"Teilbetrieb";0;"0";0;"0";;"ja";6;"nein";;;;"SRID=4326;POINT(13.68308407827459660666 51.07019379165807748677)";2024-10-02 12:46:23
321;"38b";"Universitätsklinikum - Schubertstraße";"Blasewitz";"Blasewitzer-/Fetscherstr.";"in Betrieb seit 13.11.2024";"Betrieb";4;"nein";0;"0";"nein";"ja";12;"nein";;"http://www.dresden.de/de/stadtraum/verkehr/mobilitaetsmanagement/040-Intermodale-Mobilitaetspunkte.php";"https://www.dvb.de/de-de/die-dvb/mobi/";"SRID=4326;POINT(13.78567342015404939559 51.05669266565404029734)";2024-11-29 10:48:40
145;"0";"Betriebshof Trachenberge (Test-MOBIpunkt)";"Pieschen";"Btf. Trachenberge";"in Betrieb seit 2019";"Betrieb";2;"2";2;"0";"nein";"ja";6;"nein";"Test";"http://www.dresden.de/de/stadtraum/verkehr/mobilitaetsmanagement/040-Intermodale-Mobilitaetspunkte.php";"https://www.dvb.de/de-de/die-dvb/mobi/";"SRID=4326;POINT(13.72975503203488756299 51.08732459761169053536)";2025-09-03 15:15:52
22;"1";"Postplatz";"Altstadt";"Postplatz";"vorr. in Betrieb ab Mai 2022, MOBIbike und Luftpumpe ab 12.4.2022";"Betrieb";4;"2";4;"4";"nein";"ja";6;"nein";"direkt neben der Stele am MOBIpunkt";"http://www.dresden.de/de/stadtraum/verkehr/mobilitaetsmanagement/040-Intermodale-Mobilitaetspunkte.php";"https://www.dvb.de/de-de/die-dvb/mobi/";"SRID=4326;POINT(13.73125781990519200804 51.05033736255411724869)";2025-09-03 15:15:52
23;"2";"Hauptbahnhof";"Altstadt";"Hauptbahnhof";"vollständig in Betrieb seit 04/24, Carsharing in Tiefgarage Hauptbahnhof, CS SP nicht im Zuge MP errichtet";"Betrieb";2;"0";0;"0";"nein";"ja";31;"nein";"0";"http://www.dresden.de/de/stadtraum/verkehr/mobilitaetsmanagement/040-Intermodale-Mobilitaetspunkte.php";"https://www.dvb.de/de-de/die-dvb/mobi/";"SRID=4326;MULTIPOINT(13.73356889507461175981 51.04001874129870941488,13.73374120984400725831 51.04052848451220825154,13.73051208120579502747 51.03946504846241083442)";2025-09-03 15:15:52
21;"3";"Pirnaischer Platz";"Altstadt";"Pirnaischer Platz";"in Betrieb seit 21.09.2018";"Betrieb";4;"2";8;"8";"nein";"ja";12;"nein";"auf der Insel neben der großen Infostele auf dem Parkplatz";"http://www.dresden.de/de/stadtraum/verkehr/mobilitaetsmanagement/040-Intermodale-Mobilitaetspunkte.php";"https://www.dvb.de/de-de/die-dvb/mobi/";"SRID=4326;POINT(13.74406694142338558606 51.04884642934519689561)";2025-09-03 15:15:52
19;"6";"Josephinenstraße";"Altstadt";"Josephinenstraße";"in Betrieb 15.2.2022";"Betrieb";2;"0";10;"0";"nein";"ja";4;"nein";"auf der gegenüberliegenden Straßenseite des MOBIpunkts an den Radbügeln in Haltestellennähe (stadtwärts)";"http://www.dresden.de/de/stadtraum/verkehr/mobilitaetsmanagement/040-Intermodale-Mobilitaetspunkte.php";"https://www.dvb.de/de-de/die-dvb/mobi/";"SRID=4326;POINT(13.72946356862872896443 51.04614495338496027443)";2025-09-03 15:15:52
28;"13";"Bahnhof Neustadt";"Neustadt";"Bf Neustadt";"In Betrieb seit November 2021";"Betrieb";2;"0";6;"6";"nein";"ja";8;"nein";"auf dem Bahnhofsvorplatz zwischen den Ständern MOBIbike hinter dem Haltestellenhaus der regionalbusabfahrten";"http://www.dresden.de/de/stadtraum/verkehr/mobilitaetsmanagement/040-Intermodale-Mobilitaetspunkte.php";"https://www.dvb.de/de-de/die-dvb/mobi/";"SRID=4326;POINT(13.74190922332369169112 51.06554569506520380173)";2025-09-03 15:15:52
29;"14";"Carolaplatz";"Neustadt";"Carolaplatz";"in Betrieb seit 16.12.2019";"Betrieb";3;"2";6;"6";"nein";"ja";5;"nein";"unter dem Dach der Haltestelle Richtung Altstadt links neben den Ständern von MOBIbike";"http://www.dresden.de/de/stadtraum/verkehr/mobilitaetsmanagement/040-Intermodale-Mobilitaetspunkte.php";"https://www.dvb.de/de-de/die-dvb/mobi/";"SRID=4326;POINT(13.74513223857285382223 51.05780360500361325649)";2025-09-03 15:15:52
53;"15";"Martin-Luther-Straße";"Neustadt";"Pulsnitzer Straße";"in Betrieb seit 5.2.2021";"Betrieb";4;"2";6;"0";"nein";"ja";6;"nein";"auf der östlichen Straßenseite auf der kleinen Pflasterinsel neben der E-Ladesäule für teilAuto";"http://www.dresden.de/de/stadtraum/verkehr/mobilitaetsmanagement/040-Intermodale-Mobilitaetspunkte.php";"https://www.dvb.de/de-de/die-dvb/mobi/";"SRID=4326;POINT(13.75521050452207916237 51.06327018698686970311)";2025-09-03 15:15:52
56;"18";"Königsbrücker Platz";"Neustadt";"Tannenstraße";"in Betrieb seit 4.12.2020; Ladeinfrastruktur wird derzeit als Nachrüstung geplant";"Betrieb";5;"2";0;"0";"nein";"ja";6;"nein";"links neben den MOBIbike-Ständern auf der nördlichen Straßenseite";"http://www.dresden.de/de/stadtraum/verkehr/mobilitaetsmanagement/040-Intermodale-Mobilitaetspunkte.php";"https://www.dvb.de/de-de/die-dvb/mobi/";"SRID=4326;POINT(13.74981503356977619035 51.07536150204181524259)";2025-09-03 15:15:52
30;"22";"Altpieschen";"Pieschen";"Altpieschen";"in Betrieb seit 13.09.2019";"Betrieb";3;"2";2;"2";"nein";"ja";6;"nein";"am Rand der nordwestlichen Platzfläche (Eiswagen) rechts neben den Ständern von MOBIbike";"http://www.dresden.de/de/stadtraum/verkehr/mobilitaetsmanagement/040-Intermodale-Mobilitaetspunkte.php";"https://www.dvb.de/de-de/die-dvb/mobi/";"SRID=4326;POINT(13.71676617749167448324 51.07771163819516146987)";2025-09-03 15:15:52
31;"23";"Elbepark";"Pieschen";"Elbepark";"in Betrieb seit Nov. 2022";"Betrieb";1;"0";6;"6";"nein";"ja";6;"nein";"0";"http://www.dresden.de/de/stadtraum/verkehr/mobilitaetsmanagement/040-Intermodale-Mobilitaetspunkte.php";"https://www.dvb.de/de-de/die-dvb/mobi/";"SRID=4326;MULTIPOINT(13.69398697683143417692 51.08466160939352818104,13.6957569151050204681 51.0821466739726233186)";2025-09-03 15:15:52
36;"31";"Pillnitz";"Loschwitz";"Pillnitz Leonardo-da-Vinci-Straße";"in Betrieb seit 26.6.2020";"Betrieb";1;"1";3;"2";"nein";"ja";0;"nein";"-";"http://www.dresden.de/de/stadtraum/verkehr/mobilitaetsmanagement/040-Intermodale-Mobilitaetspunkte.php";"https://www.dvb.de/de-de/die-dvb/mobi/";"SRID=4326;POINT(13.86346471447638961649 51.01394484213442126475)";2025-09-03 15:15:54
37;"32";"Schillerplatz";"Blasewitz";"Schillerplatz";"in Betrieb seit 11/2019";"Betrieb";2;"2";2;"0";"nein";"ja";6;"nein";"-";"http://www.dresden.de/de/stadtraum/verkehr/mobilitaetsmanagement/040-Intermodale-Mobilitaetspunkte.php";"https://www.dvb.de/de-de/die-dvb/mobi/";"SRID=4326;POINT(13.80437878820824870729 51.05140430008894014691)";2025-09-03 15:15:54
38;"36";"Pohlandplatz";"Blasewitz";"Pohlandplatz";"in Betrieb seit 3.12.2020";"Betrieb";4;"2";2;"0";"nein";"ja";6;"nein";"-";"http://www.dresden.de/de/stadtraum/verkehr/mobilitaetsmanagement/040-Intermodale-Mobilitaetspunkte.php";"https://www.dvb.de/de-de/die-dvb/mobi/";"SRID=4326;POINT(13.79505030669272969135 51.04302312113428286011)";2025-09-03 15:15:54
65;"39";"Zwinglistraße";"Blasewitz";"Zwinglistraße";"in Betrieb seit 08/2020";"Betrieb";3;"1";3;"0";"nein";"ja";6;"nein";"links neben den Ständern von MOBbike an der Rothermundstraße";"http://www.dresden.de/de/stadtraum/verkehr/mobilitaetsmanagement/040-Intermodale-Mobilitaetspunkte.php";"https://www.dvb.de/de-de/die-dvb/mobi/";"SRID=4326;POINT(13.78355585591622833874 51.03328665613145176394)";2025-09-03 15:15:54
16;"53";"Jacob-Winter-Platz";"Prohlis";"Jacob-Winter-Platz";"in Betrieb seit 21.07.2022";"Betrieb";2;"0";6;"0";"nein";"ja";4;"nein";"0";"http://www.dresden.de/de/stadtraum/verkehr/mobilitaetsmanagement/040-Intermodale-Mobilitaetspunkte.php";"https://www.dvb.de/de-de/die-dvb/mobi/";"SRID=4326;POINT(13.79913435929293008542 51.00544964046079599029)";2025-09-03 15:15:54
43;"54";"TU Dresden";"Plauen";"Nürnberger Platz";"In Betrieb seit 16.12.2019";"Betrieb";4;"2";6;"6";"nein";"ja";18;"nein";"rechts neben den Ständern von MOBIbike auf dem Gehweg Hettnerstraße";"http://www.dresden.de/de/stadtraum/verkehr/mobilitaetsmanagement/040-Intermodale-Mobilitaetspunkte.php";"https://www.dvb.de/de-de/die-dvb/mobi/";"SRID=4326;POINT(13.72721998456681724576 51.03126943932871029119)";2025-09-03 15:15:54
71;"55";"Strehlener Platz";"Plauen";"Strehlener Platz";"in Betrieb ab Ende Mai 2022, MOBIbike und Luftpumpe ab 12.4.2022, 2 weitere SP CS seit 09.12.24";"Betrieb";4;"2";8;"0";"nein";"ja";4;"nein";"neben den MOBIbikeständern auf der Ackermannstraße (Westseite) im Bereich der landwärtigen Haltestelle der Straßenbahn ";"http://www.dresden.de/de/stadtraum/verkehr/mobilitaetsmanagement/040-Intermodale-Mobilitaetspunkte.php";"https://www.dvb.de/de-de/die-dvb/mobi/";"SRID=4326;POINT(13.74768117941447620467 51.03458346426178593447)";2025-09-03 15:15:54
7;"56";"Mommsenstraße";"Plauen";"Mommsenstraße";"in Betrieb 22.9.2021, 1 SP weniger für CS seit 06/2025, ein weiterer SP für öLIS";"Betrieb";2;"0";6;"0";"nein";"ja";0;"nein";"-";"http://www.dresden.de/de/stadtraum/verkehr/mobilitaetsmanagement/040-Intermodale-Mobilitaetspunkte.php";"https://www.dvb.de/de-de/die-dvb/mobi/";"SRID=4326;POINT(13.72756863745323485659 51.02711464477710023857)";2025-09-03 15:15:54
45;"62";"Reisewitzer Straße";"Cotta";"Löbtau Tharandter Straße";"in Betrieb seit 17.02.2020";"Betrieb";3;"2";4;"4";"nein";"ja";5;"nein";"-";"http://www.dresden.de/de/stadtraum/verkehr/mobilitaetsmanagement/040-Intermodale-Mobilitaetspunkte.php";"https://www.dvb.de/de-de/die-dvb/mobi/";"SRID=4326;POINT(13.70112729172046428516 51.04300246025297838059)";2025-09-03 15:15:54
10;"64";"Kirschenstraße";"Cotta";"Kirschenstraße";"in Betrieb seit Januar 2023";"Betrieb";2;"0";8;"8";"nein";"ja";5;"nein";"0";"http://www.dresden.de/de/stadtraum/verkehr/mobilitaetsmanagement/040-Intermodale-Mobilitaetspunkte.php";"https://www.dvb.de/de-de/die-dvb/mobi/";"SRID=4326;POINT(13.6642037101722735315 51.04628337259904213852)";2025-09-03 15:15:54
50;"73";"Friedrichstadt";"Altstadt";"Krankenhaus Friedrichstadt";"Teilbetrieb seit 9.4.2021, in Betrieb seit 13.4.2021";"Betrieb";3;"1";4;"4";"nein";"ja";5;"nein";"neben den Ständern für das MOBIbike";"http://www.dresden.de/de/stadtraum/verkehr/mobilitaetsmanagement/040-Intermodale-Mobilitaetspunkte.php";"https://www.dvb.de/de-de/die-dvb/mobi/";"SRID=4326;POINT(13.71823893497692559151 51.0600220854821813532)";2025-09-03 15:15:54
49;"72";"Gompitz";"Cotta";"Gompitzer Höhe";"Teilbetrieb: nur Ladesäulen, erneuert";"Teilbetrieb";0;"0";8;"4";"ja";"nein";0;"nein";"-";"http://www.dresden.de/de/stadtraum/verkehr/mobilitaetsmanagement/040-Intermodale-Mobilitaetspunkte.php";"https://www.dvb.de/de-de/die-dvb/mobi/";"SRID=4326;POINT(13.63122216528071106723 51.03959133339588305489)";2025-09-03 15:15:54
52;"76";"Weißig ";"Loschwitz";"Gasthof Weißig";"in Betrieb seit 11/2019";"Betrieb";1;"1";5;"4";"nein";"nein";0;"nein";"-";"http://www.dresden.de/de/stadtraum/verkehr/mobilitaetsmanagement/040-Intermodale-Mobilitaetspunkte.php";"https://www.dvb.de/de-de/die-dvb/mobi/";"SRID=4326;POINT(13.88519390921466190036 51.06123257825083072703)";2025-09-03 15:15:54
78;"77";"Heeresbäckerei";"Neustadt";"Heeresbäckerei";"in Betrieb seit 04/2023";"Betrieb";2;"0";4;"4";"nein";"ja";6;"nein";"0";"http://www.dresden.de/de/stadtraum/verkehr/mobilitaetsmanagement/040-Intermodale-Mobilitaetspunkte.php";"https://www.dvb.de/de-de/die-dvb/mobi/";"SRID=4326;POINT(13.75932868043188861407 51.08245433474970553789)";2025-09-03 15:15:54
24;"4";"Bahnhof Mitte";"Altstadt";"Bahnhof Mitte";"in Betrieb seit 17.02.2020";"Betrieb";3;"2";2;"2";"nein";"ja";6;"nein";"auf dem Bahnhofsvorplatz neben den Ständern für das MOBIbike";"http://www.dresden.de/de/stadtraum/verkehr/mobilitaetsmanagement/040-Intermodale-Mobilitaetspunkte.php";"https://www.dvb.de/de-de/die-dvb/mobi/";"SRID=4326;POINT(13.72308023225743056628 51.05627179065313470119)";2025-09-03 15:15:52
12;"5";"S-Bf. Freiberger Straße (WTC)";"Altstadt";"S-Bf. Freiberger Str.";"in Betrieb seit 7.6.2021, ein CS SP weniger seit März 2025, ein weiterer für LIS";"Betrieb";1;"1";4;"3";"nein";"ja";12;"nein";"neben den Ständern für das MOBIbike an der Gebäudeecke des WTC Ammonstraße/ Freiberger Straße ";"http://www.dresden.de/de/stadtraum/verkehr/mobilitaetsmanagement/040-Intermodale-Mobilitaetspunkte.php";"https://www.dvb.de/de-de/die-dvb/mobi/";"SRID=4326;POINT(13.7223122490423286024 51.04960385090067376268)";2025-09-03 15:15:52
20;"7";"Bürgerwiese";"Altstadt";"Lennéplatz";"Teilbetrieb seit 11/2021 vollständig seit 09/2022. seit 06/2024 mit eCS";"Betrieb";4;"4";0;"0";"nein";"ja";11;"nein";"0";"http://www.dresden.de/de/stadtraum/verkehr/mobilitaetsmanagement/040-Intermodale-Mobilitaetspunkte.php";"https://www.dvb.de/de-de/die-dvb/mobi/";"SRID=4326;POINT(13.743008627032249791 51.04058851982014743953)";2025-09-03 15:15:52
25;"8";"Gläserne Manufaktur";"Altstadt";"Straßburger Platz";"in Betrieb seit 17.04.2019";"Betrieb";2;"0";8;"4";"nein";"ja";0;"nein";"-";"http://www.dresden.de/de/stadtraum/verkehr/mobilitaetsmanagement/040-Intermodale-Mobilitaetspunkte.php";"https://www.dvb.de/de-de/die-dvb/mobi/";"SRID=4326;POINT(13.75396159720158273387 51.04481346571056832317)";2025-09-03 15:15:52
26;"9";"Fetscherplatz";"Altstadt";"Fetscherplatz";"in Betrieb seit 12.03.2020, Upgrade BS auf 8er Station im Zuge BM Fetscherplatz Nov 24 erfolgt";"Betrieb";4;"2";6;"6";"nein";"ja";8;"nein";"auf der westlichen Seite des Fetscherplatzes (Seite mit dem Kiosk) rechts neben den Ständern bzw. der Stele von MOBIbike";"http://www.dresden.de/de/stadtraum/verkehr/mobilitaetsmanagement/040-Intermodale-Mobilitaetspunkte.php";"https://www.dvb.de/de-de/die-dvb/mobi/";"SRID=4326;POINT(13.77122850850788715604 51.04601413379321428465)";2025-09-03 15:15:52
27;"10";"Bönischplatz";"Altstadt";"Bönischplatz";"in Betrieb seit 3.12.2020, LIS vorr. ab 16.12.2020";"Betrieb";3;"0";4;"0";"nein";"ja";6;"nein";"-";"http://www.dresden.de/de/stadtraum/verkehr/mobilitaetsmanagement/040-Intermodale-Mobilitaetspunkte.php";"https://www.dvb.de/de-de/die-dvb/mobi/";"SRID=4326;POINT(13.76251882549594895977 51.05554686367126038249)";2025-09-03 15:15:52
11;"11";"Sachsenallee";"Altstadt";"Sachsenallee";"in Betrieb seit September 2021, ein weiterer CS-SP ab Januar 2025";"Betrieb";4;"2";6;"0";"nein";"ja";4;"nein";"neben der Infostele am Bord";"http://www.dresden.de/de/stadtraum/verkehr/mobilitaetsmanagement/040-Intermodale-Mobilitaetspunkte.php";"https://www.dvb.de/de-de/die-dvb/mobi/";"SRID=4326;POINT(13.75740862819369247916 51.05393217232429492469)";2025-09-03 15:15:52
13;"12";"S-Bf. Bischofsplatz";"Neustadt";"Bischofsplatz";"vollständig in Betrieb seit 27.4.2021";"Betrieb";5;"2";4;"0";"nein";"ja";0;"nein";"-";"http://www.dresden.de/de/stadtraum/verkehr/mobilitaetsmanagement/040-Intermodale-Mobilitaetspunkte.php";"https://www.dvb.de/de-de/die-dvb/mobi/";"SRID=4326;POINT(13.74594672562690433892 51.07183231010353807733)";2025-09-03 15:15:52
54;"16";"Alaunpark";"Neustadt";"Alaunpark";"In Betrieb seit 4.12.2020";"Betrieb";5;"1";6;"0";"nein";"ja";6;"nein";"zwischen der großen Stele und den MOBIbike-Ständern";"http://www.dresden.de/de/stadtraum/verkehr/mobilitaetsmanagement/040-Intermodale-Mobilitaetspunkte.php";"https://www.dvb.de/de-de/die-dvb/mobi/";"SRID=4326;POINT(13.75843699026871469471 51.06908244685000397567)";2025-09-03 15:15:52
55;"17";"Waldschlößchen";"Neustadt";"Waldschlößchen";"In Betrieb seit 09.2023";"Betrieb";4;"2";2;"0";"nein";"ja";16;"nein";"0";"http://www.dresden.de/de/stadtraum/verkehr/mobilitaetsmanagement/040-Intermodale-Mobilitaetspunkte.php";"https://www.dvb.de/de-de/die-dvb/mobi/";"SRID=4326;POINT(13.7766351853266151295 51.06762792351774749022)";2025-09-03 15:15:52
57;"19";"Louisenstraße";"Neustadt";"Louisenstraße";"in Betrieb seit 10.2.2022";"Betrieb";3;"2";0;"0";"nein";"ja";6;"nein";"neben der Stele und den Ständern von MOBIbike auf der Louisenstraße (Nordseite)";"http://www.dresden.de/de/stadtraum/verkehr/mobilitaetsmanagement/040-Intermodale-Mobilitaetspunkte.php";"https://www.dvb.de/de-de/die-dvb/mobi/";"SRID=4326;POINT(13.75207456711188136467 51.06686202112556571819)";2025-09-03 15:15:52
58;"20";"Trachenberger Platz";"Pieschen";"Trachenberger Platz";"in Betrieb seit 03.07.2024";"Betrieb";4;"4";2;"2";"nein";"ja";6;"nein";"6";"http://www.dresden.de/de/stadtraum/verkehr/mobilitaetsmanagement/040-Intermodale-Mobilitaetspunkte.php";"https://www.dvb.de/de-de/die-dvb/mobi/";"SRID=4326;POINT(13.72818705586153420484 51.0846963557906974529)";2025-09-03 15:15:52
59;"21";"S-Bahnhof Trachau";"Pieschen";"S-Bf.- Trachau";"in Betrieb seit 17.11.2020";"Betrieb";2;"0";0;"0";"nein";"ja";6;"nein";"an der Haltestelle landwärts rechts neben MOBIbike-Ständern";"http://www.dresden.de/de/stadtraum/verkehr/mobilitaetsmanagement/040-Intermodale-Mobilitaetspunkte.php";"https://www.dvb.de/de-de/die-dvb/mobi/";"SRID=4326;POINT(13.7030058644271122148 51.08962652808254034653)";2025-09-03 15:15:52
32;"23b";"Elbepark";"Pieschen";"Elbepark";"in Betrieb seit Nov. 2022";"Betrieb";1;"0";6;"6";"nein";"ja";6;"nein";"0";"http://www.dresden.de/de/stadtraum/verkehr/mobilitaetsmanagement/040-Intermodale-Mobilitaetspunkte.php";"https://www.dvb.de/de-de/die-dvb/mobi/";"SRID=4326;POINT(13.69104091035650405672 51.08160680913302087447)";2025-09-03 15:15:53
33;"24";"Wilder Mann";"Pieschen";"Wilder Mann";"in Betrieb seit 02/2020";"Betrieb";3;"2";6;"0";"ja";"ja";6;"nein";"rechts neben MOBIbike an der Gleisschleife";"http://www.dresden.de/de/stadtraum/verkehr/mobilitaetsmanagement/040-Intermodale-Mobilitaetspunkte.php";"https://www.dvb.de/de-de/die-dvb/mobi/";"SRID=4326;POINT(13.71928185889632700878 51.09654398779322548307)";2025-09-03 15:15:53
34;"25";"Bahnhof Klotzsche (P+R)";"Klotzsche";"Bahnhof Klotzsche";"in Betrieb seit 16.12.2019";"Betrieb";1;"1";6;"0";"nein";"nein";0;"nein";"-";"http://www.dresden.de/de/stadtraum/verkehr/mobilitaetsmanagement/040-Intermodale-Mobilitaetspunkte.php";"https://www.dvb.de/de-de/die-dvb/mobi/";"SRID=4326;POINT(13.7888022090812114584 51.11518476502904917425)";2025-09-03 15:15:53
35;"26";"Flughafen";"Klotzsche";"Flughafen";"Teilbetrieb: Ladesäulen 2019 erneuert, Planung weiterer Angebote läuft";"Teilbetrieb";0;"0";6;"0";"nein";"nein";0;"nein";"-";"http://www.dresden.de/de/stadtraum/verkehr/mobilitaetsmanagement/040-Intermodale-Mobilitaetspunkte.php";"https://www.dvb.de/de-de/die-dvb/mobi/";"SRID=4326;POINT(13.76479396157998102979 51.1238718479939819872)";2025-09-03 15:15:53
2;"28";"Körnerplatz";"Loschwitz";"Körnerplatz";"in Betrieb seit 6.4.2022";"Betrieb";3;"2";2;"2";"nein";"ja";10;"nein";"am Beginn der Fideli-F.-Finke-Straße am MOBIpunkt im Bereich der Fahrbahn (vor den Stellplätzen) auf der Südseite";"http://www.dresden.de/de/stadtraum/verkehr/mobilitaetsmanagement/040-Intermodale-Mobilitaetspunkte.php";"https://www.dvb.de/de-de/die-dvb/mobi/";"SRID=4326;POINT(13.81419496540868863121 51.05350519550035670591)";2025-09-03 15:15:54
3;"29";"Plattleite";"Loschwitz";"Plattleite";"in Betrieb seit 10.6.2022";"Betrieb";2;"0";0;"0";"nein";"ja";4;"nein";"Luftpumpe steht neben der Infostele";"http://www.dresden.de/de/stadtraum/verkehr/mobilitaetsmanagement/040-Intermodale-Mobilitaetspunkte.php";"https://www.dvb.de/de-de/die-dvb/mobi/";"SRID=4326;POINT(13.82140024964377644778 51.06383716628857172282)";2025-09-03 15:15:54
61;"33";"Altenberger Straße";"Blasewitz";"Altenberger Straße";"in Betrieb seit 5.2.2021";"Betrieb";3;"2";2;"0";"nein";"ja";5;"nein";"auf der ""Spitze"" zwischen Bärensteiner und Altenberger Straße rechts neben den MOBIbike-Ständern";"http://www.dresden.de/de/stadtraum/verkehr/mobilitaetsmanagement/040-Intermodale-Mobilitaetspunkte.php";"https://www.dvb.de/de-de/die-dvb/mobi/";"SRID=4326;POINT(13.80576339196050916769 51.03926450074050791272)";2025-09-03 15:15:54
62;"34";"Niederwaldstraße";"Blasewitz";"Niederwaldstraße";"in Betrieb seit 20.1.2022";"Betrieb";3;"2";4;"0";"nein";"ja";0;"nein";"-";"http://www.dresden.de/de/stadtraum/verkehr/mobilitaetsmanagement/040-Intermodale-Mobilitaetspunkte.php";"https://www.dvb.de/de-de/die-dvb/mobi/";"SRID=4326;POINT(13.80260897482957282989 51.04694144488058782372)";2025-09-03 15:15:54
63;"37";"Alemannenstraße";"Blasewitz";"Wormser Straße";"in Betrieb seit September 2021";"Betrieb";2;"2";0;"0";"nein";"ja";3;"nein";"-";"http://www.dresden.de/de/stadtraum/verkehr/mobilitaetsmanagement/040-Intermodale-Mobilitaetspunkte.php";"https://www.dvb.de/de-de/die-dvb/mobi/";"SRID=4326;POINT(13.78827531150625418377 51.04850803353696164777)";2025-09-03 15:15:54
64;"38";"Universitätsklinikum - Fiedlerstraße";"Blasewitz";"Augsburger Straße";"in Betrieb seit 13.11.2024";"Betrieb";4;"0";0;"0";"nein";"ja";12;"nein";"0";"http://www.dresden.de/de/stadtraum/verkehr/mobilitaetsmanagement/040-Intermodale-Mobilitaetspunkte.php";"https://www.dvb.de/de-de/die-dvb/mobi/";"SRID=4326;POINT(13.78291347819894596682 51.05445500687310556032)";2025-09-03 15:15:54
5;"42";"Karcherallee";"Blasewitz";"Karcherallee";"in Betrieb seit seit 20.12.2021";"Betrieb";2;"0";4;"0";"nein";"ja";6;"nein";"derzeit wg. Baumaßnahme nicht in Betrieb (04-2022)";"http://www.dresden.de/de/stadtraum/verkehr/mobilitaetsmanagement/040-Intermodale-Mobilitaetspunkte.php";"https://www.dvb.de/de-de/die-dvb/mobi/";"SRID=4326;POINT(13.77944428693869127756 51.03795007812573913952)";2025-09-03 15:15:54
39;"43";"S-Bahnhof Reick (P+R)";"Blasewitz";"S-Bahnhof Reick";"Teilbetrieb: Ladesäulen seit 22. KW 2020 in Betrieb";"Teilbetrieb";0;"0";4;"0";"ja";"nein";0;"nein";"-";"http://www.dresden.de/de/stadtraum/verkehr/mobilitaetsmanagement/040-Intermodale-Mobilitaetspunkte.php";"https://www.dvb.de/de-de/die-dvb/mobi/";"SRID=4326;POINT(13.79026874335102625935 51.02104568280181950968)";2025-09-03 15:15:54
6;"44";"Kronstädter Platz";"Leuben";"Kronstädter Platz";"in Betrieb seit 08.11.2022";"Betrieb";2;"0";4;"0";"nein";"ja";6;"nein";"0";"http://www.dresden.de/de/stadtraum/verkehr/mobilitaetsmanagement/040-Intermodale-Mobilitaetspunkte.php";"https://www.dvb.de/de-de/die-dvb/mobi/";"SRID=4326;POINT(13.83934303931222231654 51.02250985446734432571)";2025-09-03 15:15:54
40;"46";"Altleuben";"Leuben";"Altleuben";"in Betrieb seit 3.12.2020";"Betrieb";2;"0";4;"4";"nein";"ja";0;"nein";"-";"http://www.dresden.de/de/stadtraum/verkehr/mobilitaetsmanagement/040-Intermodale-Mobilitaetspunkte.php";"https://www.dvb.de/de-de/die-dvb/mobi/";"SRID=4326;POINT(13.82675147483577582364 51.01186817294766484565)";2025-09-03 15:15:54
70;"48";"S-Bahnhof Niedersedlitz";"Leuben";"Bf. Niedersedlitz";"in Betrieb seit 01/2023";"Betrieb";2;"0";4;"0";"ja";"ja";11;"nein";"0";"http://www.dresden.de/de/stadtraum/verkehr/mobilitaetsmanagement/040-Intermodale-Mobilitaetspunkte.php";"https://www.dvb.de/de-de/die-dvb/mobi/";"SRID=4326;POINT(13.82897434622998211751 50.99983505738052969036)";2025-09-03 15:15:54
41;"50";"Wasaplatz";"Prohlis";"S-Bf. Strehlen/Wasaplatz";"In Betrieb seit 16.12.2019";"Betrieb";3;"2";4;"4";"nein";"ja";0;"nein";"-";"http://www.dresden.de/de/stadtraum/verkehr/mobilitaetsmanagement/040-Intermodale-Mobilitaetspunkte.php";"https://www.dvb.de/de-de/die-dvb/mobi/";"SRID=4326;POINT(13.75979586714779046019 51.02828185766114899025)";2025-09-03 15:15:54
42;"51";"Prohlis (P+R)";"Prohlis";"Prohlis Gleisschleife";"in Betrieb seit 11/2019, CS SP wurde in 2025 versetzt";"Betrieb";1;"1";7;"6";"ja";"ja";4;"nein";"-";"http://www.dresden.de/de/stadtraum/verkehr/mobilitaetsmanagement/040-Intermodale-Mobilitaetspunkte.php";"https://www.dvb.de/de-de/die-dvb/mobi/";"SRID=4326;POINT(13.79929251703079096103 50.99934759527700833814)";2025-09-03 15:15:54
8;"58";"Agentur für Arbeit";"Plauen";"Agentur für Arbeit/ Schweizer Straße";"in Betrieb seit 23.05.2023";"Betrieb";2;"0";0;"0";"nein";"ja";6;"nein";"0";"http://www.dresden.de/de/stadtraum/verkehr/mobilitaetsmanagement/040-Intermodale-Mobilitaetspunkte.php";"https://www.dvb.de/de-de/die-dvb/mobi/";"SRID=4326;POINT(13.72018815050483020457 51.04129499207260067806)";2025-09-03 15:15:54
72;"59";"Rathaus Plauen";"Plauen";"Rathaus Plauen";"in Betrieb seit 17.11.2020, Ladeinfrastruktur wird derzeit als Nachrüstung geplant";"Betrieb";2;"0";0;"0";"nein";"ja";6;"nein";"-";"http://www.dresden.de/de/stadtraum/verkehr/mobilitaetsmanagement/040-Intermodale-Mobilitaetspunkte.php";"https://www.dvb.de/de-de/die-dvb/mobi/";"SRID=4326;POINT(13.70713534825438806308 51.02963414086006821435)";2025-09-03 15:15:54
73;"60";"Kohlenstraße";"Plauen";"Dorfhainer Straße";"nur Ladeinfrastruktur seit 10.2.2022 in Betrieb";"Teilbetrieb";0;"0";4;"0";"nein";"nein";0;"nein";"-";"http://www.dresden.de/de/stadtraum/verkehr/mobilitaetsmanagement/040-Intermodale-Mobilitaetspunkte.php";"https://www.dvb.de/de-de/die-dvb/mobi/";"SRID=4326;POINT(13.71792736358551856313 51.01927938545347274157)";2025-09-03 15:15:54
9;"63";"Amalie-Dietrich-Platz";"Cotta";"Amalie-Dietrich-Platz";"in Betrieb seit 5.2.2021";"Betrieb";1;"0";6;"0";"nein";"ja";6;"nein";"links neben Ständern von MOBIbike hinter Haltestellenhaus Haltestelle landwärts";"http://www.dresden.de/de/stadtraum/verkehr/mobilitaetsmanagement/040-Intermodale-Mobilitaetspunkte.php";"https://www.dvb.de/de-de/die-dvb/mobi/";"SRID=4326;POINT(13.67781074834538657115 51.04541857560561624041)";2025-09-03 15:15:54
76;"66";"Altcotta";"Cotta";"Altcotta";"in Betrieb seit 19.12.2021 ";"Betrieb";1;"0";4;"0";"nein";"ja";0;"nein";"-";"http://www.dresden.de/de/stadtraum/verkehr/mobilitaetsmanagement/040-Intermodale-Mobilitaetspunkte.php";"https://www.dvb.de/de-de/die-dvb/mobi/";"SRID=4326;POINT(13.68694300767575988687 51.0567154459751790796)";2025-09-03 15:15:54
46;"67";"Gottfried-Keller-Straße";"Cotta";"Gottfried-Keller-Straße";"in Betrieb seit 20.4.2021";"Betrieb";2;"0";0;"0";"nein";"ja";6;"nein";"-";"http://www.dresden.de/de/stadtraum/verkehr/mobilitaetsmanagement/040-Intermodale-Mobilitaetspunkte.php";"https://www.dvb.de/de-de/die-dvb/mobi/";"SRID=4326;POINT(13.67696568716258909149 51.06093946670980443514)";2025-09-03 15:15:54
77;"68";"Bahnhof Langebrück";"Langebrück";"Bf Langebrück";"in Betrieb seit 1.11.2022";"Betrieb";1;"0";4;"0";"ja";"ja";6;"nein";"0";"http://www.dresden.de/de/stadtraum/verkehr/mobilitaetsmanagement/040-Intermodale-Mobilitaetspunkte.php";"https://www.dvb.de/de-de/die-dvb/mobi/";"SRID=4326;POINT(13.84190663170801904869 51.12712924162683236773)";2025-09-03 15:15:54
47;"69";"Weixdorf Bad (P+R)";"Weixdorf";"Hp Weixdorf Bad";"in Betrieb seit 11/2019";"Betrieb";1;"1";1;"0";"ja";"nein";0;"nein";"-";"http://www.dresden.de/de/stadtraum/verkehr/mobilitaetsmanagement/040-Intermodale-Mobilitaetspunkte.php";"https://www.dvb.de/de-de/die-dvb/mobi/";"SRID=4326;POINT(13.80133403058153263032 51.14007742213361495942)";2025-09-03 15:15:54
17;"70";"Ullersdorfer Platz";"Loschwitz";"Ullersdorfer Platz";"in Betrieb seit 23.05.2023";"Betrieb";2;"0";0;"0";"nein";"ja";6;"nein";"0";"http://www.dresden.de/de/stadtraum/verkehr/mobilitaetsmanagement/040-Intermodale-Mobilitaetspunkte.php";"https://www.dvb.de/de-de/die-dvb/mobi/";"SRID=4326;POINT(13.85541231494270419944 51.06228148269538991144)";2025-09-03 15:15:54
48;"71";"Cossebaude Bhf. (P+R)";"Cosseebaude";"Bf Cossebaude";"in Betrieb seit 11/2019";"Betrieb";2;"1";4;"0";"ja";"nein";0;"nein";"-";"http://www.dresden.de/de/stadtraum/verkehr/mobilitaetsmanagement/040-Intermodale-Mobilitaetspunkte.php";"https://www.dvb.de/de-de/die-dvb/mobi/";"SRID=4326;POINT(13.63251772602198741424 51.08521906534431877844)";2025-09-03 15:15:54
51;"74";"Alexander-Puschkin-Platz";"Pieschen";"Alexander-Puschkin-Platz";"in Betrieb seit 17.08.2020";"Betrieb";4;"2";0;"0";"nein";"ja";6;"nein";"auf der Eisenberger Straße zwischen den Ständern von MOBIbike und der Infostele";"http://www.dresden.de/de/stadtraum/verkehr/mobilitaetsmanagement/040-Intermodale-Mobilitaetspunkte.php";"https://www.dvb.de/de-de/die-dvb/mobi/";"SRID=4326;POINT(13.72840515697427399289 51.07124486179218791904)";2025-09-03 15:15:54
18;"75";"Zschertnitz";"Plauen";"Zschertnitz";"in Betrieb seit 05/2023";"Betrieb";2;"0";0;"0";"nein";"nein";0;"nein";"0";"http://www.dresden.de/de/stadtraum/verkehr/mobilitaetsmanagement/040-Intermodale-Mobilitaetspunkte.php";"https://www.dvb.de/de-de/die-dvb/mobi/";"SRID=4326;POINT(13.74302733731569681197 51.01951742070014717001)";2025-09-03 15:15:54
79;"78";"Liststraße";"Pieschen";"Liststraße";"in Betrieb seit 01.08.2022";"Betrieb";3;"2";4;"2";"nein";"ja";5;"nein";"neben MOBIbike auf der Nordostseite der Liststraße im Bereich der landwärtigen Bushaltestelle südlich (vor) der Bahnbrücke";"http://www.dresden.de/de/stadtraum/verkehr/mobilitaetsmanagement/040-Intermodale-Mobilitaetspunkte.php";"https://www.dvb.de/de-de/die-dvb/mobi/";"SRID=4326;POINT(13.73317213362521549413 51.07769767902597379816)";2025-09-03 15:15:54
111;"79";"Brockwitzer Straße";"Pieschen";"Brockwitzer Straße";"in Betrieb seit 15.09.2022";"Betrieb";2;"0";4;"0";"nein";"ja";6;"nein";"0";"http://www.dresden.de/de/stadtraum/verkehr/mobilitaetsmanagement/040-Intermodale-Mobilitaetspunkte.php";"https://www.dvb.de/de-de/die-dvb/mobi/";"SRID=4326;POINT(13.7019913776166131214 51.07819125676588356555)";2025-09-03 15:15:54
112;"80";"Grundstraße";"Loschwitz";"Grundstraße";"in Betrieb seit 01.08.2022";"Betrieb";2;"2";2;"0";"nein";"ja";6;"nein";"0";"http://www.dresden.de/de/stadtraum/verkehr/mobilitaetsmanagement/040-Intermodale-Mobilitaetspunkte.php";"https://www.dvb.de/de-de/die-dvb/mobi/";"SRID=4326;POINT(13.84864022633245816962 51.06149913349074864755)";2025-09-03 15:15:54
146;"81";"Mickten";"Mickten";"Mickten";"in Betrieb seit 08.06.2023, Bikesharing offen (Juli 23)";"Betrieb";2;"2";4;"0";"nein";"ja";4;"nein";"0";"http://www.dresden.de/de/stadtraum/verkehr/mobilitaetsmanagement/040-Intermodale-Mobilitaetspunkte.php";"https://www.dvb.de/de-de/die-dvb/mobi/";"SRID=4326;POINT(13.71458243953484235078 51.08045866332560080991)";2025-09-03 15:15:54
180;"100";"Palaisplatz";"Neustadt";"Palaisplatz";"Teilbetrieb: nur Ladesäule, in Betrieb seit 11.4.2019";"Teilbetrieb";0;"0";2;"0";"nein";"nein";0;"nein";"-";"http://www.dresden.de/de/stadtraum/verkehr/mobilitaetsmanagement/040-Intermodale-Mobilitaetspunkte.php";"https://www.dvb.de/de-de/die-dvb/mobi/";"SRID=4326;POINT(13.73998711843088571527 51.06019754120209341863)";2025-09-03 15:15:54
181;"101";"Waldschlößchenbrücke";"Altstadt";"Käthe-Kollwitz-Ufer";"Teilbetrieb: nur Ladesäulen AC und DC, in Betrieb seit 10.9.2021";"Teilbetrieb";0;"0";10;"4";"ja";"nein";0;"nein";"-";"http://www.dresden.de/de/stadtraum/verkehr/mobilitaetsmanagement/040-Intermodale-Mobilitaetspunkte.php";"https://www.dvb.de/de-de/die-dvb/mobi/";"SRID=4326;POINT(13.77662912013492402252 51.06027240158917379631)";2025-09-03 15:15:54
248;"102";"Stadtforum";"Altstadt";"Prager Straße";"in Betrieb seit 01.04.2025, Nutzung aller CS-SP möglich seit September 25";"Betrieb";7;"7";0;"0";"nein";"ja";6;"nein";"0";"http://www.dresden.de/de/stadtraum/verkehr/mobilitaetsmanagement/040-Intermodale-Mobilitaetspunkte.php";"https://www.dvb.de/de-de/die-dvb/mobi/";"SRID=4326;POINT(13.74007610468851403596 51.04599345024674761362)";2025-09-03 15:15:54
